id,name,host_id,host_name,neighbourhood_group,neighbourhood,latitude,longitude,room_type,price,minimum_nights,number_of_reviews,last_review,reviews_per_month,calculated_host_listings_count,availability_365,number_of_reviews_ltm,license
2818,Quiet Garden View Room & Super Fast Wi-Fi,3159,Daniel,,Oostelijk Havengebied - Indische Buurt,52.36435,4.94358,Private room,83.0,3,389,2024-08-31,2.07,1,105,35,0363 5F3A 5684 6750 D14D
28871,Comfortable double room,124245,Edwin,,Centrum-West,52.36775,4.89092,Private room,79.0,2,638,2024-09-03,3.73,2,74,100,0363 607B EA74 0BD8 2F6F
29051,Comfortable single room,124245,Edwin,,Centrum-Oost,52.36584,4.89111,Private room,59.0,2,761,2024-09-04,4.64,2,91,84,0363 607B EA74 0BD8 2F6F
97221,Beautiful and spacious room,195859,Gianni,,Slotervaart,52.34801,4.83639,Private room,69.0,2,361,2024-08-17,2.25,2,307,65,0363 BCBA 6311 3268 DC8C
188347,Clean & Cozy in The Baarsjes,907405,Yahav,,De Baarsjes - Oud-West,52.3683,4.85446,Private room,76.0,1,434,2024-09-01,2.73,1,49,36,0363 7C68 38F7 176D 8CDF
308028,"SunFlower, A Sunny B&B",1141485,Gisèle And Simon,,Centrum-Oost,52.35972,4.8975,Private room,100.0,3,36,2023-02-28,0.28,3,0,0,0363 33C3 B936 3911 FC42
445660,cosy room with private entrance,2202945,Heleen,,De Baarsjes - Oud-West,52.37001,4.85646,Private room,75.0,3,564,2024-08-26,3.76,1,122,48,0363 1D15 382F 70B9 6319
613088,Your own cottage in the countryside,3040748,Henk,,Noord-Oost,52.41016,4.96369,Private room,87.0,2,415,2023-05-28,2.83,9,0,0,0363 C2FC D0FB 68D9 2F58
683431,Nice Room near to RAI and downtown,2309485,Ned,,De Pijp - Rivierenbuurt,52.34557,4.8962,Private room,83.0,1,691,2024-08-31,5.62,1,64,66,0363 0BD4 E0F6 EDD1 59C7
693675,2 rooms in beautiful appartment near Vondelpark,3548522,Susanne,,De Baarsjes - Oud-West,52.35925,4.8514,Entire home/apt,95.0,1,11,2018-09-02,0.08,3,0,0,0363 8350 2AA2 28A1 C258
721291,Sunny apt great location free bikes,3723928,Katarina,,Westerpark,52.37752,4.87086,Private room,79.0,2,238,2024-08-26,1.65,1,174,28,0363 0457 C25F CA42 36BC
730916,Room with a view,3267693,Santiago & Tony,,Westerpark,52.3731,4.86859,Private room,94.0,3,452,2024-08-11,3.15,1,10,28,0363 AC47 89D1 F988 70CA
740616,Private Room at our LoveNest in Amsterdam,3846003,Patricia And Carlos,,Centrum-Oost,52.36256,4.9108,Private room,99.0,3,77,2019-06-15,0.53,1,0,0,0363 52AD E309 9B3D 72F7
747847,nice cozy room near Vondelpark,3548522,Susanne,,De Baarsjes - Oud-West,52.36131,4.8519,Private room,60.0,2,40,2018-06-23,0.31,3,2,0,0363 8350 2AA2 28A1 C258
761411,Amsterdam sweethome - Clean Quiet Safe,4013546,Xsjong,,Noord-Oost,52.40164,4.95106,Private room,65.0,3,336,2024-08-31,2.33,2,338,32,0363 D4AD DCF3 E72A 56A2
771758,Nice and Cozy Room Offered in Amsterdam,195859,Gianni,,Slotervaart,52.34985,4.83578,Private room,69.0,2,328,2024-08-21,2.37,2,301,53,0363 BCBA 6311 3268 DC8C
906446,A cosy Bed and Breakfast in A'dam.,488009,Vivian,,Buitenveldert - Zuidas,52.33229,4.87431,Private room,99.0,2,415,2024-08-05,3.0,2,353,27,0363 707F 46F6 0246 4CB8
947437,"Boutique room style ,room in quiet neighborhood",5134833,Andre,,Osdorp,52.35595,4.79661,Private room,100.0,2,317,2024-08-25,2.36,2,221,53,0363 8300 75DC 8AD2 186A
954629,"Stylish, clean studio, on second floor",5183517,Simone,,Bijlmer-Centrum,52.319366608363936,4.953924922464188,Private room,79.0,2,125,2024-09-03,1.06,2,203,52,0363 7AA6 5489 C8E4 39CE
954633,Private studio 25m2 for two near A'dam Arena,5183517,Simone,,Bijlmer-Centrum,52.32019,4.95501,Private room,78.0,3,191,2024-08-18,1.52,2,184,28,0363 7AA6 5489 C8E4 39CE
995087,Waterfront B&B,4415881,Vera,,Westerpark,52.381615,4.877059,Private room,90.0,3,451,2024-08-19,3.56,1,0,33,0363 6931 E4DB 02D7 CC92
1008223,A'dam West - room with double bed,4443157,Arne,,Slotervaart,52.36369,4.83861,Private room,95.0,2,660,2024-06-13,4.74,1,236,22,0363 2BC1 B5A0 68C1 3161
1018703,Cosy studio on HOUSEBOAT with roof terrace!,125667,Michèle,,De Pijp - Rivierenbuurt,52.35099,4.886627,Private room,20.0,1,331,2024-08-28,2.62,2,140,27,Exempt
1057494,Lovely bright room with balcony and beatiful view!,1899420,Rosie,,Zuid,52.34746,4.87559,Private room,67.0,1,594,2024-08-24,4.31,2,85,41,03636DA0823945F2FF59
1100569,bright room + private roof terrace,5134833,Andre,,Osdorp,52.35622,4.79544,Private room,80.0,2,156,2023-01-02,1.17,2,237,0,0363830075DC8AD2186A
1116446,DELUXE ROOM near centre easy parking!,6127483,Daniella,,Bos en Lommer,52.37871,4.84688,Private room,77.0,1,373,2024-07-28,2.71,3,120,23,0363 A6C0 16C0 2606 7E49
1145866,Stylish Trendy Room Whirlpool Easy Parking,6127483,Daniella,,Bos en Lommer,52.37802,4.84513,Private room,80.0,1,357,2024-09-01,2.62,3,256,27,0363 A6C0 16C0 2606 7E49
1350246,"Casa Vrolik, Amsterdam, Oosterparkbuurt Bnb 1pp",4905127,Toetsie,,Oud-Oost,52.35719,4.92193,Private room,95.0,2,237,2024-07-22,1.79,4,319,17,0363 A7D7 D999 34B1 1496
1358042,Woonboot in Amsterdam.,7371529,Ton,,Noord-Oost,52.3809,4.96522,Private room,85.0,2,636,2024-08-17,4.73,1,197,66,03631452992C92E8DB02
1375612,Your own apartment on wheels,3040748,Henk,,Noord-Oost,52.39508,4.99186,Private room,76.0,2,211,2024-08-22,1.57,9,203,27,0363 2A6D 7C09 877D 715F
1383369,"Vintage, Stylish, Romantic close to city-center",7393137,Fenno,,Westerpark,52.38069,4.86826,Entire home/apt,100.0,3,154,2024-09-01,1.14,1,5,14,0363 99A8 77BA 50A0 9478
1630438,Cosy and quiet room near RAI,8664912,Janet,,De Pijp - Rivierenbuurt,52.34292,4.89445,Private room,99.0,2,377,2024-08-20,2.85,1,292,39,0363 0371 CF78 0958 7FB3
1630603,Charming quite room with fast Wifi,1899420,Rosie,,Zuid,52.34736,4.87546,Private room,75.0,1,544,2024-08-22,4.08,2,82,39,03636DA0823945F2FF59
1708244,Amsterdam privat spacious room NDSM,8817734,Nienke,,Noord-West,52.40793,4.90264,Private room,86.0,2,317,2024-07-19,2.5,1,4,27,0363159CF4B32A768408
1798944,Centre Ams - Welcome to your Home away from Home,8691762,Mart,,Centrum-West,52.38778,4.88848,Private room,78.0,3,372,2024-08-20,3.04,1,293,61,0363 8511 7936 FDC3 CBF9
2514858,"Two private rooms in cosy apartment in ""de Pijp""",9396158,Rob & René,,De Pijp - Rivierenbuurt,52.34965,4.89403,Private room,95.0,2,148,2024-08-31,1.18,1,205,32,0363 07E8 9AC7 1758 B0F6
2761156,Comfortable sky room 2 12th floor,14122005,Rick,,Slotervaart,52.36309,4.84393,Private room,57.0,2,516,2024-09-05,4.08,2,190,55,0363 DA82 0626 A1FA 89B3
2763386,Comfortable Sky Room 1 on  12th floor,14122005,Rick,,Slotervaart,52.36173,4.8454,Private room,70.0,2,448,2024-08-31,3.54,2,196,46,0363 DA82 0626 A1FA 89B3
2842228,Your little appartment on wheels,3040748,Henk,,Noord-Oost,52.39508,4.99186,Private room,60.0,2,144,2024-08-10,1.15,9,181,22,0363 2A6D 7C09 877D 715F
2853285,Hotel Not Hotel Ams: Invisible Room Downstairs,14574533,Hotel Not Hotel,,De Baarsjes - Oud-West,52.36491,4.86102,Private room,95.0,1,174,2024-08-09,1.39,19,307,27,Exempt
2942229,An stylish room in a green area,1271678,Andrea,,Bijlmer-Oost,52.32613,4.97748,Private room,75.0,2,345,2024-07-07,2.74,1,0,6,0363 9223 868C 249F 5961
2981853,Hotel Not Hotel Amsterdam: Volkswagen T1,14574533,Hotel Not Hotel,,De Baarsjes - Oud-West,52.36689,4.85891,Private room,89.0,1,52,2024-05-23,0.42,19,315,18,Exempt
2981861,Hotel Not Hotel Amsterdam: Secret Bookcase Small,14574533,Hotel Not Hotel,,De Baarsjes - Oud-West,52.36568,4.85883,Private room,95.0,1,119,2024-08-28,0.96,19,328,20,Exempt
3120537,Hotel Not Hotel Amsterdam: Amsterdam Tram Cart,14574533,Hotel Not Hotel,,De Baarsjes - Oud-West,52.36737,4.86018,Private room,100.0,1,51,2024-07-31,0.44,19,301,15,Exempt
3155284,Your cottage in the countryside,3040748,Henk,,Noord-Oost,52.41016,4.96369,Private room,87.0,2,182,2023-04-10,1.48,9,0,0,0363 C2FC D0FB 68D9 2F58
3346620,Amsterdam sweethome - Clean Quiet Safe 2,4013546,Xsjong,,Noord-Oost,52.40154,4.95282,Private room,67.0,2,232,2024-08-11,1.87,2,335,47,0363 D4AD DCF3 E72A 56A2
3526459,Trendy private apartment citycentre,17756316,Maudi,,Osdorp,52.35212,4.80113,Entire home/apt,95.0,2,48,2019-11-18,0.39,1,0,0,0363 E7FB F745 88DE 9818
3566834,Comfortable Stay in museum district (#1 eco badge),2986709,Sézane,,Zuid,52.35402,4.88123,Private room,79.0,1,331,2024-08-24,3.23,3,347,54,0363 7C88 6FCC CBFD 195E
3580990,Cosy apartment near Vondelpark,17952331,Jan,,De Baarsjes - Oud-West,52.36259,4.86327,Entire home/apt,95.0,2,24,2017-11-05,0.2,1,29,0,0363 4AFB 68D4 C405 9948
3796459,PRIVATE AND COSY ROOM FOR 2,5647814,Eveline,,Watergraafsmeer,52.35191,4.92078,Private room,99.0,2,74,2024-08-18,0.6,1,336,34,0363 E887 1FCF BC33 B133
4147932,Nice 45m2  private room with shower & roof terrace,21488545,Enith,,Watergraafsmeer,52.35396,4.93526,Private room,96.0,2,421,2024-09-02,3.49,1,208,66,0363 70BF ECCC 33E3 6737
4278312,Delightfull spacious room in gorgeous home,15712909,Nima,,Noord-West,52.41119,4.8931,Private room,69.0,2,178,2024-09-01,1.73,3,163,21,0363 D1E7 6939 B592 2D09
4282686,The North:The Place to Be!Very Private&Coronafree!,22233513,Jeroen,,Noord-West,52.40679,4.91361,Private room,81.0,2,472,2024-09-01,4.01,1,290,53,0363 7C90 2F89 3EB8 5FB5
4449764,"Room + own shower and toilet, breakfast included",22594722,Maike & Caspar,,Oostelijk Havengebied - Indische Buurt,52.37294,4.95167,Private room,90.0,1,772,2024-09-05,6.45,1,3,69,0363 BA38 BB50 480F C800
4619390,Beautifull designed apartment AMS,23928189,Bram,,Slotervaart,52.35207,4.83136,Entire home/apt,96.0,2,45,2024-05-20,0.39,2,10,7,0363 9222 F7EB 6C0E CA66
4636051,Nice & cosy  room for 2  near the city center,16274382,Gina,,Oud-Oost,52.35872,4.90728,Private room,72.0,2,164,2024-09-01,1.46,2,84,25,0363CC256BEFCFE82A0F
4764819,1 person room in Amsterdam-Center,12232781,Danielle,,Centrum-Oost,52.36295,4.90481,Private room,45.0,1,482,2024-08-17,4.09,1,1,42,0363 4FEA D09C 7567 7AEC
4864384,2p Balcony Room  - Quiet Street - Airport - Center,18482089,Klaas,,De Aker - Nieuw Sloten,52.34838,4.78878,Private room,88.0,3,265,2024-08-10,2.29,3,334,28,0363 ECFE 7345 29A0 BAC4
5156433,ABC apartment,23928189,Bram,,Slotervaart,52.35033,4.83116,Entire home/apt,75.0,1,12,2022-07-16,0.11,2,9,0,0363 9222 F7EB 6C0E CA66
5718834,Private room in the CENTER,29650604,Emy,,Centrum-Oost,52.37323,4.92166,Private room,90.0,2,275,2024-08-22,2.39,1,0,29,0363 37F4 5013 A364 7211
5887152,"Garden Studio, 20 min with tram 1 to city center!",21883308,Nabila,,De Aker - Nieuw Sloten,52.34559,4.79503,Private room,89.0,3,403,2024-08-09,3.53,1,219,36,0363 C340 6F5E BC19 0D6F
6043774,Private & Cozy Room close to centre.,31365652,Lea,,Oud-Oost,52.35539,4.92071,Private room,70.0,3,603,2024-08-25,5.28,1,12,61,0363 6CF6 FD25 076A 95BC
6133157,Room with private garden in CENTER of Amsterdam!,31817443,Gina,,Centrum-West,52.38566,4.88378,Private room,75.0,2,653,2024-08-18,5.74,2,251,77,0363 BB9D F026 723D 64AD
6373767,Private Studio in the “Pijp” near hotspots,33214578,Paul,,De Pijp - Rivierenbuurt,52.35254,4.89458,Private room,93.0,2,425,2024-09-02,3.75,1,105,60,0363 16B9 EAB4 3060 20FF
6463787,"Wooden Garden House, the Mulberry",9064164,Rachel,,Noord-Oost,52.4147,5.02643,Entire home/apt,85.0,3,122,2021-09-14,1.08,1,0,0,0363 C101 0DB7 47AA D444
6654255,Cozy Room (no couples)Close to Centre & Cute Cats!,15507949,Julie,,Westerpark,52.38577,4.87007,Private room,65.0,1,111,2024-08-18,1.04,1,2,58,0363 5BA4 4C9E DFBC 7412
6665729,Nice quiet room for one person only,34349002,Erik,,Gaasperdam - Driemond,52.30023,4.99987,Private room,60.0,1,326,2024-09-02,2.92,1,331,52,0363 FB5D ED78 B82A 8DB5
7111455,Bathroom ensuite privately 1thfloor and entrance,20919943,Ellen,,Noord-West,52.42512,4.88842,Private room,94.0,3,396,2024-08-25,3.56,1,156,59,0363 636D 861C 0EE1 970C
7160841,Your  waggon at the cows paradise,3040748,Henk,,Noord-Oost,52.40744,4.99579,Private room,74.0,2,92,2024-04-03,0.83,9,193,3,0363 8FA8 4049 3B81 71EE
7190115,"De Pijp B&B, Garden View",37658666,Ruben,,De Pijp - Rivierenbuurt,52.35481396502947,4.90074679036134,Private room,86.0,1,776,2024-08-25,7.89,2,94,87,0363 EE1C C474 F558 1FE2
7213232,"Calm, spacious room in vibrant area",1272887,Yannick,,Oostelijk Havengebied - Indische Buurt,52.36382,4.94345,Private room,89.0,1,123,2020-03-08,1.12,1,97,0,0363 E4E4 C150 8F07 D06F
7276869,De Pijp B&B,37658666,Ruben,,De Pijp - Rivierenbuurt,52.35667601571162,4.899959510649868,Private room,87.0,1,868,2024-08-26,7.92,2,105,84,0363 EE1C C474 F558 1FE2
7474662,kramerskamer,39146647,Hein,,Centrum-Oost,52.3633,4.91135,Private room,94.0,2,621,2024-09-05,5.65,1,263,93,0363 1E52 A272 5167 4EDA
7555385,Intimate studio,39600914,Petra,,Slotervaart,52.35955,4.82713,Private room,72.0,1,479,2024-09-01,4.45,1,200,68,0363 5EE0 037A 252F 0FAB
7895182,"Cosy, comfortable, quiet bedroom",32659450,Mieke,,Bos en Lommer,52.37676,4.83955,Private room,84.0,3,108,2024-08-05,0.99,2,73,17,036342317BF4C33BF998
8573112,Stunning room/bath in bright loft,2895016,Franz And Maria,,Oud-Oost,52.35215,4.91222,Private room,100.0,3,106,2019-11-24,0.98,1,0,0,0363 29E5 CFF2 C90D CB33
8641456,Modern bedroom (Living room not shared),23748264,Thuraya,,Oostelijk Havengebied - Indische Buurt,52.3618,4.94421,Private room,69.0,1,246,2024-09-01,2.27,1,332,32,0363 2511 BAB7 A742 2447
10500911,Delightful room,53829324,Leonardo,,Oud-Noord,52.38725,4.92041,Private room,90.0,2,227,2024-08-04,2.18,1,70,32,0363 E383 F8A6 8F54 4CD4
11460770,Comfortable 2 person room in gorgeous home,15712909,Nima,,Noord-West,52.40911,4.89318,Private room,66.0,2,183,2024-08-25,1.78,3,164,27,0363D1E76939B5922D09
11620756,Spacious room in Amsterdam incl. breakfast,61540500,Riza,,Geuzenveld - Slotermeer,52.37947,4.82375,Private room,92.0,1,439,2024-08-24,4.26,1,325,70,0363 42FA 8B6E 2962 1409
11747373,Happy Day's,44168250,Holiday,,Centrum-West,52.37118,4.87697,Entire home/apt,67.0,2,169,2024-08-16,1.64,4,354,37,0363 1268 5476 3573 BB86
12058561,Enjoyable Stay in museum district (#1 eco badge),2986709,Sézane,,Zuid,52.35606570137492,4.881736934202321,Private room,95.0,1,389,2024-08-31,3.8,3,331,46,0363 7C88 6FCC CBFD 195E
12059101,Cosy room in bohemian apartment (shared),64596266,Henkk,,De Pijp - Rivierenbuurt,52.34476,4.89201,Private room,99.0,2,271,2024-09-03,2.66,1,309,48,0363 DFA3 9B23 DCE8 BFFC
12619145,"Heerlijke buurt, naast fijn park!",14087004,Wouter,,Westerpark,52.38416,4.87143,Entire home/apt,98.0,3,77,2024-08-27,0.76,1,31,2,0363 C6EE 59F0 5FED 045E
13034385,Private room at the  KNSM island Amsterdam,45863923,Jan Willem,,Oostelijk Havengebied - Indische Buurt,52.377174377441406,4.94814395904541,Private room,97.0,2,178,2024-07-28,1.77,1,28,22,0363 0BB4 935D AD9D 4392
13035842,Nice room in quiet and green location,72066526,Wenda,,Noord-West,52.40662,4.92246,Private room,90.0,2,60,2024-08-27,0.6,1,113,17,0363D10C88770514B649
13040996,Twin Bed in private room in center of Amsterdam!,31817443,Gina,,Westerpark,52.38741,4.88208,Private room,75.0,2,588,2024-08-20,5.92,2,126,72,0363 BB9D F026 723D 64AD
13072405,Francesco's house,38499430,Francesco,,Geuzenveld - Slotermeer,52.37788,4.8029,Private room,71.0,1,318,2024-07-19,3.16,1,8,25,0363 E4D1 58DE 82C0 D146
13134714,Amstel Joy,73169850,Luchiena,,Oud-Oost,52.35015,4.9135,Private room,95.0,2,151,2024-09-02,1.51,1,67,19,0363 28E1 79A9 9E6C DEA8
13429174,Garden apartment. Private room. Old West Amsterdam,76572471,Glendon,,De Baarsjes - Oud-West,52.37178,4.85301,Private room,70.0,3,380,2024-08-18,4.35,2,20,75,0363 0A67 E566 D0FA AE65
13554855,Lady's only,68688117,Laura,,Centrum-Oost,52.36384,4.88328,Private room,97.0,3,110,2024-07-20,1.1,1,256,15,0363 58A7 9FF0 2C33 F9A6
13826877,"Private apartment near museums, RAI and Zuid WTC!",21232464,Simon,,Zuid,52.34734,4.87086,Private room,85.0,2,67,2024-08-17,0.7,1,22,46,0363 F3A7 F7BD F34E 096A
13836709,Amsterdam North Loft,21866990,Berith,,Noord-West,52.40451,4.91506,Private room,75.0,3,165,2024-08-12,1.71,1,16,14,0363 CA1A 7CDA FA4C 38DB
13837559,Comfortable & cosy 6th floor room close to center,60394903,Emil,,Slotervaart,52.3508,4.84169,Private room,68.0,2,164,2024-06-25,1.81,1,62,13,0363 E2B4 62E6 3988 C0A2
13953385,Stylish and comfortable room in quiet area,4301128,Sylvia,,Gaasperdam - Driemond,52.29165,4.99316,Private room,59.0,2,67,2024-08-11,0.68,1,12,10,0363 E93D F4C6 E85D 95C8
14050092,Large Room ( 2 pers) 25 mins from centre Amsterdam,84256372,Carla,,De Aker - Nieuw Sloten,52.34679,4.80295,Private room,62.0,2,415,2024-08-22,4.21,1,106,49,0363 1940 1695 903B 761F
14086359,"Room+ balcony, sunny roof terrace, BBQ& Whirlpool",4094987,Michiel,,De Baarsjes - Oud-West,52.362648,4.851774,Private room,86.0,2,200,2024-09-01,2.21,1,135,47,0363 E5DC 2983 C1F4 20AF
14526096,Private room in a stylish apartment near citybeach,26478960,Ozzy,,IJburg - Zeeburgereiland,52.35169472119457,5.002071614043041,Private room,74.0,1,158,2024-09-01,1.61,1,66,25,0363 48B1 0366 3B15 0B37
14853175,Quiet room with free car parking,92986064,Liliana,,Noord-West,52.40987,4.92275,Private room,43.0,2,489,2024-08-28,5.03,1,194,72,03639844AD0BA65E992D
15110564,50sqm nice apartment in Amsterdam,38661523,Niels,,De Pijp - Rivierenbuurt,52.34245,4.90099,Entire home/apt,100.0,1,43,2022-08-07,0.45,1,0,0,0363 FC5A AEE3 2C7E 772A
15286319,"PRIVATE Studio Apartment, Pijp district, Amsterdam",76607139,Karin,,De Pijp - Rivierenbuurt,52.35412,4.89504,Private room,71.0,1,379,2023-01-03,3.94,1,2,0,0363 9FA8 4742 A853 8269
15497619,Single bedroom (max 1 guest),2829587,Greg,,Geuzenveld - Slotermeer,52.37451221604475,4.8344098910581605,Private room,73.0,1,303,2024-08-20,3.37,1,64,49,0363 DE36 410A 76FA 5651
16050056,Big delightfull spacious room in gorgeous home,15712909,Nima,,Noord-West,52.41079,4.89465,Private room,74.0,2,105,2024-06-16,1.11,3,62,12,0363D1E76939B5922D09
16341879,Saint Claire 1,44168250,Holiday,,Centrum-West,52.36883,4.89309,Private room,52.0,2,33,2024-08-07,0.48,4,351,10,0363 C1A3 3345 5208 37AF
16342515,Saint Claire 2,44168250,Holiday,,Centrum-West,52.36831,4.89463,Private room,52.0,2,43,2024-06-14,0.52,4,343,4,0363 C1A3 3345 5208 37AF
16583033,Canal room,4978942,Beca,,De Baarsjes - Oud-West,52.36873,4.85616,Private room,83.0,1,433,2024-08-20,5.08,2,306,83,0363 8D34 88C2 7D97 3EA4
16705542,Gypsy Waggon - A villa on wheels,3040748,Henk,,Noord-Oost,52.39527,4.99237,Private room,88.0,2,99,2024-08-20,1.1,9,170,6,0363 2A6D 7C09 877D 715F
17365362,Your nice waggon at the cows paradise,3040748,Henk,,Noord-Oost,52.40635,4.99133,Private room,87.0,2,26,2023-05-11,0.29,9,0,0,0363 8FA8 4049 3B81 71EE
17470838,Central location private room all facillities,1232843,Harm,,De Baarsjes - Oud-West,52.36464,4.87741,Private room,93.0,2,526,2024-08-26,5.75,1,204,71,0363 58CE D9BB F6FF B6CE
17566665,"Amsterdam, IJburg - bnb kamer met eigen voordeur",116572131,Michelle,,IJburg - Zeeburgereiland,52.361,4.98202,Private room,91.0,2,312,2024-08-11,3.44,1,44,41,0363 BAA8 F80E 87BC 366B
17647511,Lovely apartement near the city center,16274382,Gina,,Oud-Oost,52.35645,4.90875,Entire home/apt,100.0,2,14,2024-08-24,0.15,2,2,3,0363 CC25 6BEF CFE8 2A0F
17960148,Cosy room in a cosy house,123279093,Bakoly,,Geuzenveld - Slotermeer,52.38389,4.8352,Private room,85.0,2,26,2022-07-03,0.29,1,317,0,0363 2F14 1443 7E65 B8A6
18172462,Beautiful studio on river front,125350952,Chantal,,IJburg - Zeeburgereiland,52.37556,4.96829,Private room,94.0,3,206,2024-08-19,2.3,1,46,41,0363 EDC3 9F66 FEDD 4F6C
18367573,It's not what you think!,66590032,Margret,,De Baarsjes - Oud-West,52.36646,4.87718,Private room,73.0,3,81,2024-03-27,0.97,1,19,2,0363 5302 A999 27BC 0FA6
18622506,Private All-in Penthouse room,126555379,Richard,,Zuid,52.35109,4.84938,Entire home/apt,100.0,1,486,2024-08-17,5.46,2,166,78,0363 F1AC 3488 A85D 3362
18681903,Room A'dam City and Beach/Private Bathroom,129858996,Heidi,,IJburg - Zeeburgereiland,52.3532,5.00861,Private room,98.0,2,40,2023-10-08,0.45,1,2,3,0363 A553 8BE8 BDDE BF99
18871870,"Cozy room Amsterdam, Ensuitebathroom/Netflix/Bikes",130649752,Mi BnB,,Geuzenveld - Slotermeer,52.3828,4.82627,Private room,80.0,3,168,2024-08-15,1.94,2,257,12,0363 ECE2 5C63 874D B72E
18906944,Saint Claire 3,44168250,Holiday,,Centrum-West,52.37013,4.89299,Private room,69.0,2,43,2024-03-18,0.51,4,338,5,0363 B61F 718E F2FD B734
19184032,Delightful Stay in museum district (#1 eco badge),2986709,Sézane,,Zuid,52.3554758086581,4.879930267390117,Private room,92.0,1,321,2024-08-05,3.73,3,337,48,0363 7C88 6FCC CBFD 195E
19278681,Charming canal view room near to centre!,16798348,Keeva,,De Baarsjes - Oud-West,52.36448,4.85621,Private room,84.0,2,387,2024-09-01,4.48,2,58,86,0636F39002E5E028CD5D
19300302,Lovely bright double bedroom by terrace,16798348,Keeva,,De Baarsjes - Oud-West,52.36413,4.85514,Private room,96.0,2,331,2024-09-01,3.83,2,65,85,0363F39002E5E028CD5D
19689332,Private Room. Garden Apartment. Old West Amsterdam,76572471,Glendon,,De Baarsjes - Oud-West,52.3737,4.85394,Private room,69.0,3,338,2024-08-18,3.93,2,21,61,03630A67E566D0FAAE65
20231350,Clean & Cosy Private Room in IJburg,144152068,Henry,,IJburg - Zeeburgereiland,52.35631,4.99875,Private room,90.0,2,81,2024-08-04,0.94,1,6,12,0363 17F1 CB9F B0FF 4DC9
20516768,Cosy single room with a view,146477767,Maria,,De Pijp - Rivierenbuurt,52.35447,4.89479,Private room,78.0,3,302,2024-08-25,3.57,1,83,41,0363EE8A0F3476887E6D
20792976,Large private kingsize bedroom close 2 city center,25069604,Francois,,Gaasperdam - Driemond,52.29132,4.96829,Private room,86.0,3,169,2024-08-29,1.99,2,176,41,036360680DE4459C26B8
20793220,Cosy private 2-beds bedroom close to city center!,25069604,Francois,,Gaasperdam - Driemond,52.29307,4.96851,Private room,80.0,3,191,2024-09-01,2.26,2,115,46,036360680DE4459C26B8
21024509,Amsterdam Central in 10 min - nearby metro,151414609,M,,Bijlmer-Centrum,52.32539,4.94657,Private room,92.0,2,416,2024-08-25,4.93,2,329,91,0363 2901 D451 46F4 163B
21327054,Big room,4978942,Beca,,De Baarsjes - Oud-West,52.36631,4.85752,Private room,82.0,1,423,2024-08-22,5.05,2,317,71,0363 8D34 88C2 7D97 3EA4
21481614,Appartement in Amsterdam Zuid,68802409,Huib,,Zuid,52.34412,4.86191,Entire home/apt,100.0,2,2,2024-08-24,1.02,1,166,2,0363 7F96 19B4 0231 A171
21964609,STAY WITH THE BOYS,102684968,Pim,,Gaasperdam - Driemond,52.30688,4.983,Private room,95.0,2,62,2024-08-19,0.75,1,34,8,0363C671801BA3C41F7C
21978969,Kamer in Amsterdam west,160470419,Joshua,,Bos en Lommer,52.37787,4.85125,Private room,74.0,2,487,2024-09-02,6.01,2,28,73,0363 843D 3DB9 4ADE 2109
21979569,Kamer in Amsterdam met balkon,160470419,Joshua,,Bos en Lommer,52.37837,4.85157,Private room,88.0,2,482,2024-09-02,5.97,2,29,62,0363 843D 3DB9 4ADE 2109
22097674,Comfortable private room in shared apartment,34336976,Emil,,Bos en Lommer,52.37839,4.85146,Private room,76.0,2,365,2024-08-25,4.61,1,77,65,0363 3F61 04A2 2C78 4CC5
22913973,"Private Room in family house, central Amsterdam",169642846,Frans,,Centrum-Oost,52.37191,4.90042,Private room,74.0,2,224,2024-08-20,2.8,1,6,42,0363 41AA 8CBA FD93 09EA
23020332,Semi Private floor (50 m2/538ft2) in Amsterdam,6756868,Barbara,,Noord-Oost,52.38801,4.95684,Private room,72.0,2,237,2024-08-26,3.07,1,316,53,0363 A91D 676B 2670 DA53
23332938,David's boat Amsterdam,173784342,David,,Centrum-Oost,52.37109,4.929013,Private room,72.0,2,475,2024-08-30,5.98,2,0,81,0363 F66A 0020 7F81 56FF
23363442,David's boat Amsterdam,173784342,David,,Centrum-Oost,52.37109,4.929013,Private room,71.0,2,454,2024-09-05,5.7,2,4,85,0363 F66A 0020 7F81 56FF
23509547,"Big room, tram 15 min to City Centre and Airport",20647485,Margot,,De Aker - Nieuw Sloten,52.34915,4.78785,Private room,85.0,3,56,2024-08-04,0.71,2,145,33,03639561AD3B7F43BDFF
23777372,Room Nicole: (not for parties),176320082,Lucio,,Centrum-Oost,52.36288,4.88487,Private room,74.0,1,554,2024-09-01,7.08,6,343,104,Exempt
24137393,Rustige ruime kamer,3219665,Rob,,Bijlmer-Centrum,52.3161,4.96034,Private room,70.0,1,293,2024-08-22,3.75,2,52,67,0363 13D7 987C 3937 507A
24159344,"Large, comfortable room in Amsterdam Noord",4668971,Philip,,Oud-Noord,52.39412,4.92613,Private room,50.0,2,304,2024-08-21,3.99,1,39,65,0363 B9B4 484F 8C88 D798
24733482,Single City Centre,12690109,Jacqueline,,Centrum-West,52.37725,4.89373,Private room,100.0,2,190,2024-09-04,2.49,2,33,46,0363 7A24 219F 5468 2240
25121245,Beautiful separate topfloor room in floating house,13947044,Peter,,IJburg - Zeeburgereiland,52.36366,4.98529,Private room,98.0,1,519,2024-09-04,6.78,1,105,102,0363 BB4F 84EA 9DA1 230D
25966203,Houseboat with a panoramic city-view,195172702,Irene,,Noord-Oost,52.381081,4.966337,Private room,95.0,2,237,2024-09-01,3.17,1,133,28,0363 27F1 00DD 1D10 0572
26035980,Budgetroom met ontbijt inbegrepen,3219665,Rob,,Bijlmer-Centrum,52.31818,4.95891,Private room,62.0,1,447,2024-08-23,5.9,2,16,84,0363 13D7 987C 3937 507A
27464499,3km from Central Station Private Entry | King bed,8741023,Martijn And Kim,,Oud-Noord,52.39911,4.90533,Entire home/apt,91.0,2,328,2024-09-04,4.44,1,250,79,0363 0534 8FEC 8485 9A6A
27466356,"Stylish private studio, 25 min downtown Amsterdam",34581928,Georno,,Noord-West,52.42369,4.88545,Private room,93.0,2,197,2024-08-31,2.71,1,54,43,0363 5F8C 5371 A6D2 463C
27565537,B&B op woonboot met gebruik van fietsen.,207977510,Margreet,,Westerpark,52.38266,4.86201,Private room,100.0,2,195,2024-08-31,2.7,1,24,47,0363 A7D1 30E2 32FC 9EB4
27916775,COZY STYLISH ROOM PARKING WHIRLPOOL WIFI,6127483,Daniella,,Bos en Lommer,52.37807,4.84575,Private room,75.0,1,76,2024-08-14,1.25,3,121,29,0363 A6C0 16C0 2606 7E49
28146045,Urban Jungle Room,2597146,Mathilde,,Slotervaart,52.359398,4.825566,Private room,87.0,3,144,2024-08-31,1.98,1,13,27,0363 C04E 35E1 4638 C8DE
28535049,All the best from Old West,37527947,Thomas,,De Baarsjes - Oud-West,52.36315,4.85999,Entire home/apt,90.0,3,40,2024-07-28,0.55,1,3,7,0363 EA65 DA77 242B 14FB
28797705,Pearl Suite,209920138,Puck,,Centrum-West,52.37095,4.89576,Private room,98.0,1,288,2024-08-14,4.05,3,315,77,036357F7D51C763ED91A
28798431,Delft Blue Suite,209920138,Puck,,Centrum-West,52.37021,4.89717,Private room,97.0,1,294,2024-08-21,4.19,3,327,69,036357F7D51C763ED91A
29251403,Amsterdam center Room Herisson,29722553,Iegor,,Centrum-Oost,52.36996841430664,4.904695987701416,Private room,99.0,3,167,2024-08-19,2.37,2,144,32,0363 8FA7 A726 E9EC 81E1
29258934,Cosy studio  bijzonder pand  Amsterdam- IJburg,44051824,Brigitte,,IJburg - Zeeburgereiland,52.36122,4.97921,Private room,68.0,2,127,2024-07-28,1.79,2,97,16,0363FA5AF913A1FD66D6
29897394,"Modern spacious room for 2, on tram line to centre",219229884,Thérèse,,Buitenveldert - Zuidas,52.32338,4.86945,Private room,95.0,1,0,,,1,135,0,0363 F728 11C3 219B C6C6
30100534,★A Solo Traveller's Haven★Room in rooftop apt★,3825472,Jimmy Tae Jik,,Oud-Oost,52.35981,4.91453,Private room,94.0,2,320,2024-08-16,4.57,2,124,58,0363 89E7 CABE BC9E CF02
30202932,Grande  chambre /petit dejeuner offert/Jardin,226859324,Jacqueline,,De Baarsjes - Oud-West,52.36639,4.8601,Private room,87.0,3,242,2024-08-27,3.45,1,75,43,0363 8260 99B6 2DBB FA2C
30723226,Historical Romantic Houseboat for Couple,226181266,Carien,,Centrum-West,52.38194,4.88528,Private room,92.0,2,137,2024-08-03,1.98,1,85,38,0363 17DE 8290 FAC5 66EF
31139590,Amsterdam Suite in the Heart of the City,217577916,Mimi,,Centrum-West,52.38104,4.89175,Private room,90.0,1,317,2024-08-22,4.61,2,280,76,0363 C9F0 BE30 939B CEE8
32275591,"Private room with bathroom, close to the centre!",7912474,Roy,,Westerpark,52.39456,4.87824,Private room,83.0,2,52,2024-08-23,0.78,1,272,15,0363 D7EB 7A7A 63D5 0693
32352898,Amsterdam centre share house,240660599,Enrico,,IJburg - Zeeburgereiland,52.35847,4.99413,Private room,100.0,2,1,2019-03-10,0.01,1,309,0,0363 FDA0 ECF7 98FC 5102
32485826,Old Pijp Studio,222356269,Paul & Mariana,,De Pijp - Rivierenbuurt,52.35331,4.89781,Private room,52.0,2,41,2022-05-09,0.61,2,342,0,0363 78A8 EB7A 3EB0 F13E
32485928,New Pijp Studio,222356269,Paul & Mariana,,De Pijp - Rivierenbuurt,52.35232,4.89795,Private room,52.0,2,67,2024-08-16,1.03,2,329,19,0363 78A8 EB7A 3EB0 F13E
33005148,Nice bedroom easily access to city centre,248403712,Shuxin,,De Baarsjes - Oud-West,52.37471,4.85988,Private room,55.0,2,75,2024-08-16,1.13,1,4,23,0363 AB2D 778D BA68 5B98
33087274,"Cozy house, quiet location, nearby all you need!",10483759,Jonathan,,De Baarsjes - Oud-West,52.3717,4.86495,Private room,80.0,2,62,2024-08-21,2.63,1,99,36,0363 6BB3 3478 AE38 1857
33865629,Room Charlotte (not for parties),176320082,Lucio,,Centrum-Oost,52.36292,4.88628,Private room,71.0,1,419,2024-08-31,6.7,6,350,83,0363 17C4 FB83 710F 42DD
33981751,Lovely quiet room in Amsterdam close to Center!,3411711,Lisa,,Noord-West,52.41124,4.901,Private room,86.0,2,225,2024-09-04,3.44,1,8,49,0363 FDBD A724 CEF7 D9EE
34008858,Private room / Renovated,190794929,Mitch,,Oostelijk Havengebied - Indische Buurt,52.35962,4.9361,Private room,65.0,1,219,2024-08-15,3.34,2,44,63,0363 3DCE 6A23 86D1 98A0
34174819,Private Room / Modern Apartment,190794929,Mitch,,Oud-Oost,52.35796390406306,4.936085543593936,Private room,81.0,1,154,2024-08-15,2.36,2,44,54,0363 3DCE 6A23 86D1 98A0
35157940,Room  suburb Amsterdam with balcony(18 min center),163592969,Arley,,Noord-West,52.411499,4.916014,Private room,61.0,3,124,2024-09-04,1.94,2,93,39,0363 A38C CA88 ABB7 3123
36115043,Amsterdam Fairytales,108745863,Ahmed,,Geuzenveld - Slotermeer,52.37918,4.79243,Private room,80.0,1,40,2024-09-01,0.65,1,76,18,0363 A2B2 EB09 F1A7 3D09
36732140,Private room - Amsterdam Oost,62643050,Daniel,,Oud-Oost,52.35548001337671,4.92495348546558,Private room,84.0,3,119,2024-08-22,1.91,3,19,34,0363 DED9 EA2A 7574 D14A
36928848,Spacious Room w Organic Bed (COCO-MAT) & Den,9048125,Genevieve,,Buitenveldert - Zuidas,52.32322,4.87971,Private room,86.0,3,93,2024-08-07,1.52,2,38,35,0363 59C0 1368 8439 4371
37014677,Room in a very peaceful part of Amsterdam.,163592969,Arley,,Noord-West,52.411499,4.916014,Private room,70.0,3,193,2024-08-12,3.11,2,79,52,0363 A38C CA88 ABB7 3123
38337368,groot slaapkamer met een luxe badcel,202713005,Joelma,,Noord-Oost,52.3879,4.95488,Private room,100.0,3,23,2024-07-29,0.38,1,81,4,0363 71BB B120 7A6F 0B4B
38536192,A clean an relaxing private room.,5240485,Alessandra,,Geuzenveld - Slotermeer,52.38012,4.81924,Private room,95.0,2,19,2024-03-31,0.32,1,216,3,0363 0A16 A8D9 78A0 E400
38694596,Private Comfort & luxury bedroom near Metro/Train,154433811,Jianrong,,Slotervaart,52.36708,4.83835,Private room,67.0,1,131,2024-09-03,2.17,4,50,77,0363 CE33 EA3C B22E 9328
38698905,Private&Cozy bedroom near Central and Metro/train,154433811,Jianrong,,Slotervaart,52.36504,4.84024,Private room,60.0,1,136,2024-09-04,2.25,4,49,82,0363 CE33 EA3C B22E 9328
38874720,Knusse studio in bijzonder pand.,44051824,Brigitte,,IJburg - Zeeburgereiland,52.36156,4.98012,Private room,68.0,2,149,2024-08-31,3.96,2,230,50,0363FA5AF913A1FD66D6
39085747,Holiday Suite: 2 bedrooms including private shower,299566086,Mike,,Geuzenveld - Slotermeer,52.38132,4.80623,Private room,96.0,1,162,2024-08-20,2.71,1,44,48,0363 34A1 C743 9DF3 F3E9
39543731,J’s Little Inn [Comfort Room] | Near metrostation,205830809,Jason,,Bijlmer-Centrum,52.32560349,4.94585085,Private room,85.0,3,179,2024-09-01,3.19,8,17,63,0363 69CD 97F7 C1AB 682F
39710965,"Private Sweet bedroom near Center,near Metro/train",154433811,Jianrong,,Slotervaart,52.3659782409668,4.839253902435303,Private room,61.0,1,129,2024-09-03,2.19,4,41,89,0363 CE33 EA3C B22E 9328
40543045,"New private room, own bathroom",314064340,Mike,,Oud-Noord,52.383671,4.912778,Private room,100.0,3,100,2024-08-12,1.74,3,16,19,0363E7ECE4D6048C0370
40685816,"Cosy new room, private bathroom",314064340,Mike,,Oud-Noord,52.383671,4.912778,Private room,100.0,3,103,2024-08-27,1.8,3,11,22,0363 E7EC E4D6 048C 0370
42019965,"Modern apartment ✪  1 to 4 guests, ♕King Size Beds",211564566,Jur,,Bijlmer-Centrum,52.31874,4.95478,Private room,99.0,3,116,2024-09-02,2.09,1,331,39,0363 91A7 FE59 03C6 2543
42431101,Subwaystation Park B&B Stand alone. 100% privacy.,67862871,Edward,,Oud-Noord,52.39078,4.92556,Private room,92.0,2,126,2024-08-31,3.51,1,219,45,0363 860A D8CC 374C 517E
42482504,Spacious room with private bathroom Rai +Centre,309463479,Peter,,De Pijp - Rivierenbuurt,52.34069,4.90603,Private room,97.0,1,160,2024-08-04,3.14,3,243,22,0363 6DE4 ED13 8D96 47CF
43043107,Single Studio with Street Art in Amsterdam,342059962,David,,Geuzenveld - Slotermeer,52.38457,4.83319,Private room,96.0,1,18,2024-08-01,0.36,9,319,5,Exempt
43282992,Bedroom with en-suite bathroom on own floor,64761891,Lisa,,Bijlmer-Oost,52.31458,4.98477,Private room,76.0,1,237,2024-09-04,6.44,2,79,72,0363 F12E F397 D6E0 9880
44043348,Nice room in beautifull appartment!!,352315775,Rens,,Osdorp,52.35427,4.7986,Private room,79.0,2,41,2023-01-27,0.81,1,247,0,0363 B10D CBF3 352E 9FAC
44410212,Comfort stay Amsterdam - own room with bathroom,30592168,Barend,,Watergraafsmeer,52.33784,4.92086,Private room,95.0,2,1,2023-10-20,0.09,1,3,1,0363 6BD3 D7E4 D363 7C39
44573658,Bright Room with Balcony (organic bed COCO-MAT),9048125,Genevieve,,Buitenveldert - Zuidas,52.32322,4.88,Private room,98.0,3,78,2024-08-19,1.63,2,34,39,0363 59C0 1368 8439 4371
44586588,Green Alley Studio,360836606,Tijl & Roos,,Centrum-West,52.37733,4.89477,Private room,97.0,2,49,2024-08-19,1.0,1,342,10,0363 AC51 E579 5034 F0AF
44695126,Yucca Studio,222345159,Marco,,Centrum-West,52.37783,4.89633,Private room,55.0,2,66,2024-08-19,1.38,2,345,25,0363 A92C 7C23 2E55 4BBF
44733441,Daisy Studio,222345159,Marco,,Centrum-West,52.37792,4.89669,Private room,55.0,2,8,2023-01-03,0.17,2,348,0,0363 A92C 7C23 2E55 4BBF
45615193,Hotel Not Hotel Amsterdam: Crisis Free Zone,14574533,Hotel Not Hotel,,De Baarsjes - Oud-West,52.3673,4.85959,Private room,100.0,1,46,2024-07-02,1.2,19,335,14,Exempt
46346561,Spui's the Limit,375106479,Jessica,,Centrum-West,52.37043,4.8902,Private room,48.0,2,24,2024-08-16,0.71,1,344,10,0363 215E 7869 8A01 5579
46348037,Rembrandt Studio One,375118891,Anouk,,Centrum-West,52.36722,4.89531,Private room,51.0,2,46,2024-08-14,1.15,2,350,9,0363 3F3C EAA1 0BE9 138B
46348181,Rembrandt Studio Two,375118891,Anouk,,Centrum-West,52.36729,4.8939,Private room,51.0,2,76,2024-07-12,1.95,2,347,15,0363 3F3C EAA1 0BE9 138B
47434446,Private room with extra bunk bed & desk,711896,Ilma Yoga House,,Gaasperdam - Driemond,52.30463790893555,4.9787278175354,Private room,69.0,2,41,2024-08-17,2.34,1,35,5,0363D97D489E918ECE61
48225779,Private room in the heart of the city,33601072,Hazal,,Centrum-West,52.36839,4.87991,Private room,91.0,2,7,2024-08-20,0.17,1,37,2,03633C73F8930CA8D532
48305619,Room Aldo (Not for parties),176320082,Lucio,,Centrum-Oost,52.37114,4.90139,Private room,67.0,1,382,2024-09-03,9.32,6,341,113,0363 C0FE 11F9 705B B581
48697718,Large private room + direct tram to center,3902805,Marlen,,Osdorp,52.362003,4.797712,Private room,85.0,3,69,2024-08-31,2.51,1,42,26,0363 42C1 48C4 8705 C7C9
49085366,Kloveniers Studio,395882585,Lucas,,Centrum-West,52.3722,4.89926,Private room,55.0,2,32,2024-07-12,0.84,1,339,2,0363 B62C 0694 FC6B 277F
49833727,"Bed & Beach A’dam, private bathroom + Free Parking",10657186,Annika,,IJburg - Zeeburgereiland,52.35145,5.01478,Private room,94.0,2,82,2024-07-31,2.06,1,18,34,0363 6E72 B44F B7F7 DD16
49927889,"Vivian’s bed and breakfast, the great place to be",488009,Vivian,,Buitenveldert - Zuidas,52.33193,4.87475,Private room,79.0,2,118,2024-08-11,3.02,2,337,42,0363 707F 46F6 0246 4CB8
50383849,Citiez Hotel Amsterdam: Small Double Room,407017762,Jean Paul,,Osdorp,52.35831,4.80335,Private room,91.0,1,4130,2024-09-02,106.08,5,356,914,Exempt
50451988,Citiez Hotel Amsterdam: Cozy Queen Room,407017762,Jean Paul,,Osdorp,52.36023,4.80476,Private room,89.0,1,610,2024-08-25,15.6,5,247,55,Exempt
50452179,Citiez Hotel Amsterdam: Urban Twin Room,407017762,Jean Paul,,Osdorp,52.36008,4.80485,Private room,99.0,1,1376,2024-09-02,35.31,5,355,451,Exempt
50511985,Private room in quiet parkside neighborhood.,246774784,Jaap,,Geuzenveld - Slotermeer,52.37389,4.82157,Private room,99.0,3,79,2024-08-26,2.17,2,122,21,0363 88BA 8F8A 1262 7187
50544630,Comfortable room in quiet parkside neighborhood,246774784,Jaap,,Geuzenveld - Slotermeer,52.37554,4.82136,Private room,99.0,3,77,2024-08-04,2.09,2,121,24,0363 88BA 8F8A 1262 7187
50829714,Private Room in Amsterdam East,62643050,Daniel,,Watergraafsmeer,52.35511,4.93064,Private room,84.0,3,53,2024-08-12,2.17,3,22,26,0363 DED9 EA2A 7574 D14A
51144055,Private studio in Jordaan area  for 1-3 persons,64281686,Elske,,Centrum-West,52.37941,4.88221,Private room,89.0,3,120,2024-09-02,3.16,1,62,40,0363 5174 1168 9A4B 51F1
51302114,"Madīnat al-zahrā
Private room - Free parking",415463613,Patricia,,Gaasperdam - Driemond,52.30342,4.96759,Private room,61.0,1,224,2024-08-30,6.03,1,288,96,03639D606B977D7570F8
51316529,Maxim’s,133920484,Kai,,Watergraafsmeer,52.35311,4.94076,Private room,65.0,2,44,2022-08-14,1.17,1,307,0,0363 A1BD 1239 89CB A2C9
51397985,Modern appartement in 'de Pijp' with balcony,416261235,Rowan,,De Pijp - Rivierenbuurt,52.35057,4.90723,Entire home/apt,67.0,2,10,2024-04-14,0.36,1,16,1,0363 36A6 9714 65D0 8FD3
53911469,Lovely Private Bedroom with Balcony,1492408,Cherry,,Geuzenveld - Slotermeer,52.38294,4.83544,Private room,100.0,1,98,2024-08-16,3.24,1,347,24,0363 70B6 D8D9 DDA4 FDDD
548208029251203092,Room Michelle (not for parties),176320082,Lucio,,Centrum-Oost,52.3644,4.88437,Private room,78.0,1,251,2024-09-03,8.01,6,354,85,0363 3BB8 4370 E78F F4E3
567991562823480190,Modern apartment - 10 min city center,15218986,Marijn,,Noord-Oost,52.39717,4.9337,Entire home/apt,94.0,1,41,2024-08-15,1.35,2,9,29,0774GH752M76B3E123PL
575083882544272867,Cozy room 10 min to City Center,151414609,M,,Bijlmer-Centrum,52.32465,4.9471,Private room,85.0,2,215,2024-09-02,7.2,2,271,84,0363 2901 D451 46F4 163B
599095640730147281,! Lovely Room in best part of Amsterdam Zuid,9435259,Thierry,,Zuid,52.34316,4.86215,Private room,64.0,3,18,2024-08-05,0.62,6,276,10,0363 4B79 7085 2881 5E34
606427189986295048,Room Aris (not for parties),176320082,Lucio,,Centrum-Oost,52.3728,4.90105,Private room,74.0,1,122,2024-09-01,4.22,6,346,60,0363 C0FE 11F9 705B B581
612900007919508138,"#Amsterdam #Schiphol Airport
# Private Room",10078997,Gina,,De Aker - Nieuw Sloten,52.344265,4.808304,Entire home/apt,90.0,1,158,2024-08-16,5.51,1,1,59,0363 3495 9294 8E96 B847
628212984717066951,Appartement in Amsterdam-west met groot dakterras,49485203,Maud,,De Baarsjes - Oud-West,52.373688,4.862208,Entire home/apt,100.0,3,1,2022-05-29,0.04,1,283,0,0363 FE14 60F5 0D10 D9C5
640979169940307267,Raam Studio 2,462327192,Daniel,,Centrum-West,52.3665,4.88182,Private room,52.0,2,93,2024-07-29,3.51,2,355,36,0363 466B BB77 062E 9C44
644626724949405237,Lovely bedroom with nice balcony & green view!,20052140,Amir,,Osdorp,52.35745,4.81403,Private room,93.0,3,77,2024-08-28,2.85,1,168,35,0363 85F7 0B1A 065B EBCF
672305056360128105,Neat & Clean room next to metro & supermarkets,469792372,G,,Gaasperdam - Driemond,52.2936324427621,4.972650191301347,Private room,71.0,2,91,2024-08-25,4.88,1,148,51,0363 299F 0BE7 8332 8B22
680955535725338595,! Fantastic Private Room Ams Zuid shared Bath.,9435259,Thierry,,Zuid,52.34318,4.86232,Private room,70.0,3,45,2024-06-24,1.89,6,147,21,0363 40B7 B08A C3C6 B53B
694903860318245835,Bohemian styled private room,475324253,Guido & Britt,,De Pijp - Rivierenbuurt,52.35295,4.89805,Private room,95.0,1,23,2024-06-13,0.95,1,330,11,0363 F955 6BC6 4E34 6E61
713596386002986711,Bright room with kitchen,43205836,Francois,,Slotervaart,52.359678,4.824758699999999,Private room,98.0,3,42,2024-06-26,1.79,1,34,19,0363 8C9C D5D2 475A F183
727328895429365423,Room Joni (not for parties),176320082,Lucio,,Centrum-Oost,52.37107,4.90084,Private room,74.0,1,192,2024-08-29,8.83,6,341,104,0363 3CF1 2A67 5294 3B91
731446379823943669,"Romantic room, bathroom en suite. City ring+RAI",309463479,Peter,,De Pijp - Rivierenbuurt,52.344,4.90695,Private room,98.0,1,72,2024-08-25,3.29,3,233,32,03636DE4ED138D9647CF
745228513898329101,Lovely private bedroom in Amsterdam East!,33735839,Thomas,,Oud-Oost,52.35691797537645,4.922333090451809,Private room,99.0,1,79,2024-08-24,3.83,1,165,39,0363 1194 BF4E 9F49 9D5E
753474881065044396,A'dam (1) Twiske  prive kamer- (incl 2 fietsen),159108573,Gert,,Noord-West,52.4212059,4.8994909,Private room,75.0,3,52,2024-07-14,2.43,3,52,32,0363 7A21 D26B 8AD8 1AEE
781087331725939569,Private room in Amsterdam,491300798,Artur,,Slotervaart,52.36361,4.84114,Private room,78.0,2,110,2024-09-01,5.37,1,14,61,0363 9797 45B0 8FE4 AFFA
792164083412263308,Van Gogh room,68424536,Ike,,Noord-Oost,52.395086193334734,4.932743616741934,Private room,73.0,1,17,2024-08-29,0.83,1,25,13,0363 847B D24F 7B1C 0DA4
797010394364763532,Peaceful single bed room for a good rest,189021572,Prakash,,Gaasperdam - Driemond,52.29949602486114,4.977332353591919,Private room,44.0,2,13,2024-08-05,0.66,2,59,1,0363 F386 56B7 D169 3222
797927009204773683,Luxury private room with own bath & kitchenette,64761891,Lisa,,Bijlmer-Oost,52.31689025508511,4.985666725866476,Entire home/apt,93.0,1,77,2024-08-27,4.52,2,90,43,0363 F12E F397 D6E0 9880
845582865704770270,Canal house in the centre of Amsterdam,68884555,Xarisha,,Centrum-West,52.3755038,4.8828602,Private room,96.0,1,120,2024-08-11,6.86,2,158,68,0363 EC9A BAEC 7B1B 5A16
857790755437714722,Cosy well located apartment,26543988,Nick,,Westerpark,52.37335479999999,4.8703391,Entire home/apt,93.0,1,20,2024-06-23,1.3,1,16,10,0363 81FC 9C9B 27B7 291F
857912232244819865,City centre renovated apartment,68884555,Xarisha,,Centrum-West,52.3755038,4.8828602,Private room,91.0,1,119,2024-08-12,6.92,2,166,68,0363 EC9A BAEC 7B1B 5A16
867055886124468436,Beautiful houseboat in the city center,365865331,Ton,,Centrum-West,52.38335315574046,4.894940921869551,Entire home/apt,85.0,3,63,2024-08-16,3.81,6,42,36,Exempt
876557023728865533,"Knus huisje met tuin, vlakbij centrum.",36553452,Anna,,Oud-Noord,52.39223807149519,4.908839658026092,Entire home/apt,50.0,1,13,2024-07-07,0.93,1,152,10,0363 51DD D0DD 19FF 3C4E
881989270845236373,Room near Ziggo Dome / Bijlmer ArenA.,60888730,Kélian,,Bijlmer-Oost,52.32181381449356,4.97632500793459,Private room,100.0,2,10,2024-08-26,0.65,1,15,8,0363 0BF5 07FD BA0D 959F
901908430110176730,"Great location in Amsterdam, pretty and quiet room",517099042,Malachi,,Noord-West,52.40375723602804,4.916889059524552,Private room,95.0,2,14,2024-08-26,1.06,1,269,11,0363 E704 AC42 64EC 2AC2
903478087236866407,B&B House of Straw Amsterdam Room 1,517505198,Merel,,IJburg - Zeeburgereiland,52.361995592870585,4.977770715344256,Private room,100.0,1,42,2024-08-10,2.76,2,319,35,0363 AE6F 8A6A 96B2 ED52
908342188350817881,Happy peaceful stay in Amsterdam,103205230,Maria Caterin,,Gaasperdam - Driemond,52.29189,4.97302,Private room,75.0,2,57,2024-08-31,4.16,1,182,44,036360853BF0D7B4449A
908935734004733435,Lovely bedroom available in AMS,486429198,David,,Geuzenveld - Slotermeer,52.38276,4.79601,Private room,87.0,1,21,2024-09-05,1.51,2,256,15,0363 788C D1BC F52E 89E8
912070346204926147,Luxury Hôtel room in Amsterdam!,31093577,Martine,,Gaasperdam - Driemond,52.29949560000001,4.996432599999999,Private room,95.0,2,35,2024-07-06,2.43,3,58,23,0363 4793 1F1D 2BA9 3793
914210382987245677,105 Hotel Jansen Bajeskwartier,121291199,Robin,,Watergraafsmeer,52.3399542,4.9241543,Private room,85.0,1,1,2023-08-28,0.08,10,207,0,Exempt
915003030359481568,107 Hotel Jansen Bajeskwartier,121291199,Robin,,Watergraafsmeer,52.3399542,4.9241543,Private room,85.0,1,11,2024-03-09,0.78,10,207,5,Exempt
915004101944128782,106 Hotel Jansen Bajeskwartier,121291199,Robin,,Watergraafsmeer,52.3399542,4.9241543,Private room,85.0,1,1,2023-07-02,0.07,10,208,0,Exempt
915004744396875998,101 Hotel Jansen Bajeskwartier,121291199,Robin,,Watergraafsmeer,52.3399542,4.9241543,Private room,85.0,1,2,2024-03-07,0.16,10,207,1,Exempt
920841617454201090,cozy piano room Amsterdam,222617220,Zihan,,De Pijp - Rivierenbuurt,52.34589997523078,4.904609757672107,Private room,69.0,2,11,2024-08-19,6.47,1,9,11,0363 F088 A1C0 DA59 3D11
923688614069679644,113 Hotel Jansen Bajeskwartier,121291199,Robin,,Watergraafsmeer,52.3399542,4.9241543,Private room,85.0,1,3,2023-11-15,0.28,10,31,3,Exempt
923694614468536331,114 Hotel Jansen Bajeskwartier,121291199,Robin,,Watergraafsmeer,52.3399542,4.9241543,Private room,85.0,1,0,,,10,56,0,Exempt
923996517608549659,Nearby Amsterdam center by metro,186742297,K,,Bijlmer-Centrum,52.31822786326197,4.942896165081785,Private room,90.0,2,83,2024-09-04,5.82,2,163,67,0363 41E9 5683 5B5E 2E60
929729199930101315,Cosy private room in Amsterdam,186742297,K,,Bijlmer-Centrum,52.3189755,4.9425743,Private room,84.0,2,107,2024-08-20,7.57,2,153,86,0363 41E9 5683 5B5E 2E60
942584521734139907,Cozy chamber + free bike (& also free parking!),689016,Cindy,,Noord-West,52.4109302382283,4.888848557951639,Private room,96.0,1,16,2024-08-29,1.2,1,46,13,0363 44B5 2CC4 B9DE 5B50
948408722176422557,"Cozy Private Apartment | Central, near city sights",115625728,Gydo,,Westerpark,52.373562722936285,4.870498730734103,Entire home/apt,100.0,2,9,2024-06-23,0.7,1,119,6,0363 E6E7 8C19 A935 A9D9
949085857017071799,Great stay in the best area!,10726948,Sarah,,De Pijp - Rivierenbuurt,52.34780140290147,4.909787663680442,Private room,90.0,1,15,2023-12-03,1.15,1,230,11,0363 6B79 C8F1 1082 5529
953285827967297295,Amsterdam oost Privat room,10697763,Gianna,,Oostelijk Havengebied - Indische Buurt,52.363067656240304,4.936702464736759,Private room,95.0,2,20,2024-08-18,2.26,1,246,20,0363 255F DB0A 53BF D616
966404132053834573,Huge private room in renovated apartment.,533834830,Stephanie,,Buitenveldert - Zuidas,52.3274693,4.8821831,Private room,75.0,1,22,2024-07-05,2.65,1,248,22,0363 2270 8361 C283 0887
973682539348906142,Spacious room in shared apartment,253596222,Rick,,De Baarsjes - Oud-West,52.37000938408615,4.852729055455811,Private room,64.0,3,25,2024-08-16,2.14,2,256,25,0363 8644 8411 8BDC FC53
973767578348559843,Cute room in shared apartment,253596222,Rick,,De Baarsjes - Oud-West,52.37177,4.85394,Private room,64.0,3,16,2024-08-11,1.5,2,253,16,0363 8644 8411 8BDC FC53
974525394495410987,Sweet room in shared apartment,139075883,Woen Yi Jira,,De Baarsjes - Oud-West,52.37218,4.85242,Private room,69.0,3,22,2024-08-17,1.9,2,256,22,0363 CA44 56DC 6CA3 2ED1
983209821494996087,Big room in renovated apartment,412516008,Federico,,De Baarsjes - Oud-West,52.370064775203176,4.853586680553154,Private room,66.0,3,25,2024-08-19,2.5,2,250,25,0363 9F4A B290 ADC1 0033
983231456375509957,Ruime kamer met 1 bed en 1 bank,20647485,Margot,,De Aker - Nieuw Sloten,52.3503451,4.7872936,Private room,85.0,3,23,2024-08-11,2.0,2,23,23,0363 9561 AD3B 7F43 BDFF
1004933042839909422,Luxury bathroom free parking 15 min to city center,533813955,Valentijn,,Bijlmer-Oost,52.32700825441017,4.980292552149239,Private room,70.0,2,44,2024-08-30,4.31,3,18,44,Exempt
1013723989389123530,Neat & cozy room in great house!,536111625,Willemijn,,Oud-Noord,52.38348,4.91405,Private room,75.0,1,4,2023-12-17,0.42,1,2,4,0363 9FC4 76CE E7AC 435A
1015342164585958205,New private bathroom and garden 15 min city center,533813955,Valentijn,,Bijlmer-Oost,52.32526037594411,4.980813081565871,Private room,62.0,2,31,2024-09-05,3.43,3,14,31,Exempt
1018594977888575386,Tiny room in stylish apartment,225780606,Stef,,De Baarsjes - Oud-West,52.37139116365684,4.852178416446451,Private room,74.0,3,24,2024-08-12,2.39,2,256,24,0363DEE5DDC921D1886B
1038293751001867529,Gezellige Kamer aan park,169915566,Wim,,Bos en Lommer,52.3817211469165,4.851660132408142,Private room,95.0,3,12,2024-08-25,1.46,1,35,12,0363 FCBB A907 4C79 30C1
1039828186305222073,Luxury private bathroom garden 15 min city center,533813955,Valentijn,,Bijlmer-Oost,52.32737,4.98084,Private room,61.0,2,27,2024-09-05,3.99,3,0,27,Exempt
1050109192653551010,Room near city centre,421225352,Geoffrey,,Watergraafsmeer,52.341372271658365,4.923973479867963,Private room,80.0,2,2,2024-08-25,2.0,1,57,2,TGEV 3857 HB53 KL14 L0W8
1052725228900518539,Amsterdam Oasis Hideaway,552247318,B,,Bijlmer-Oost,52.3162749,4.9870736,Private room,84.0,2,34,2024-08-27,4.2,1,162,34,036349894E751AE6440C
1052883181853088810,Entire studio on super spot. Mid/long stay avail,5679723,Marius,,De Baarsjes - Oud-West,52.36322027329333,4.862075755757174,Entire home/apt,91.0,1,12,2024-08-20,2.17,1,29,12,0363 1C94 42BB 3A3F C8E9
1060775535115363957,Stylish private studio Waterside Bikes & Parking,2695462,Ragna,,Noord-West,52.4202413,4.895193799999999,Private room,92.0,2,18,2024-08-18,3.58,1,64,18,0363 91E0 5CDA A19A C40F
1063168364900026280,Amsterdam,554904796,Marek,,Noord-West,52.4173127,4.8890673,Private room,70.0,1,0,,,1,266,0,0363 8864 103C 8E93 435C
1065103079531908477,Cosy room in Amsterdam Noord,2377188,Maja,,Oud-Noord,52.39031,4.94199,Private room,75.0,2,8,2024-08-10,1.09,2,39,8,0363 9C2D 4319 D3EF CD61
1074389223466445272,Room Nicole (not for parties),556401137,Enrico,,Centrum-Oost,52.3649,4.88605,Private room,65.0,1,13,2024-08-26,2.02,2,343,13,0363 3BB8 4370 E78F F4E3
1074395966674587761,"Room Charlotte, not for parties",556401137,Enrico,,Centrum-Oost,52.36312,4.88606,Private room,59.0,1,10,2024-08-27,1.5,2,350,10,0363 17C4 FB83 710F 42DD
1080400371674885906,Comfy Double Room 500m from Amsterdam Arena,559442731,EasyHotel Amsterdam Arena Boulevard,,Bijlmer-Centrum,52.31332,4.9441746,Private room,84.0,1,53,2024-08-14,12.42,5,86,53,Exempt
1080400391115118344,Superior Double 500m from Amsterdam Arena,559442731,EasyHotel Amsterdam Arena Boulevard,,Bijlmer-Centrum,52.31332,4.9441746,Private room,84.0,1,12,2024-08-21,2.79,5,85,12,Exempt
1080404233704746629,"Twin beds, AC, en suite bath & freebie WiFi",559444009,EasyHotel Amsterdam City Center,,De Pijp - Rivierenbuurt,52.3522437,4.8916619,Private room,91.0,1,195,2024-08-22,39.53,6,109,195,Exempt
1080404315599095169,Well-connected via bus and tram,559444009,EasyHotel Amsterdam City Center,,De Pijp - Rivierenbuurt,52.3522437,4.8916619,Private room,91.0,1,119,2024-08-18,26.06,6,109,119,Exempt
1080404361174435888,Spot-on location near the Van Gogh Museum,559444009,EasyHotel Amsterdam City Center,,De Pijp - Rivierenbuurt,52.3522437,4.8916619,Private room,100.0,1,35,2024-08-22,7.72,6,94,35,Exempt
1084653678692815368,Manu & Jilly bnb media,515140022,Jiliane,,Noord-Oost,52.40549,4.9327,Private room,84.0,1,56,2024-08-30,8.04,2,201,56,0363045D477D0E6DC480
1086180419790029358,Bright room in Amsterdam-East,560847464,Branislav,,Oostelijk Havengebied - Indische Buurt,52.36629,4.93677,Private room,77.0,1,33,2024-08-08,5.53,4,69,33,Exempt
1087470709472053994,Little room for 1 person,412516008,Federico,,De Baarsjes - Oud-West,52.3710817,4.8533215,Private room,66.0,3,17,2024-08-13,2.55,2,258,17,0363 9F4A B290 ADC1 0033
1087603217418531397,Bright room for families and friends in A'dam 1,560847464,Branislav,,Oostelijk Havengebied - Indische Buurt,52.36429,4.93604,Private room,82.0,1,33,2024-08-25,5.47,4,111,33,Exempt
1092571777949392902,Bright Room for families and friends in A'dam 2,560847464,Branislav,,Oostelijk Havengebied - Indische Buurt,52.36413531619252,4.936108980327076,Private room,81.0,1,25,2024-09-03,4.12,4,94,25,Exempt
1096371541724680209,"Room Aris, not for parties",563201403,Lucio,,Centrum-Oost,52.37142505607845,4.902977775956506,Private room,76.0,1,24,2024-07-31,4.07,3,346,24,0363 C0FE 11F9 705B B581
1099869497383990353,"Room Joni, 
not for parties",563201403,Lucio,,Centrum-Oost,52.37162042753359,4.901179500327168,Private room,88.0,1,14,2024-08-01,2.36,3,340,14,0363 3CF1 2A67 5294 3B91
1100480287331600583,"Room Aldo, not for parties",563201403,Lucio,,Centrum-Oost,52.37333824701452,4.901580064171368,Private room,82.0,1,12,2024-08-20,2.06,3,341,12,0363 C0FE 11F9 705B B581
1104867739631955323,Privékamer in Amsterdam,143860049,Marissa,,Westerpark,52.3892436,4.8870593,Private room,75.0,1,17,2024-08-12,3.57,1,16,17,0363 D7B2 655A E40D 59F1
1130906891787023511,Cosy double 500m from Amsterdam Arena,559442731,EasyHotel Amsterdam Arena Boulevard,,Bijlmer-Centrum,52.31332,4.9441746,Private room,79.0,1,56,2024-08-22,14.87,5,81,56,Exempt
1135986359066782391,"2 bedroom stay,  Central location!",572578496,Jelte,,Centrum-Oost,52.36295,4.904923,Private room,11.0,1,10,2024-08-17,2.97,1,0,10,0363 12DD 0E37 FB27 BE5E
1136142025367725825,Compacte kamer met privé badkamer/ingang Amsterdam,572614539,Natasha,,Noord-West,52.40739081605969,4.899138750833308,Private room,100.0,2,2,2024-08-27,2.0,1,46,2,0363893181FEB68EAC52
1136864901944268028,A'dam (2) privat room near Twiske (incl 2 fietsen),159108573,Gert,,Noord-West,52.421073886358165,4.89981679629516,Private room,65.0,3,5,2024-08-25,1.21,3,30,5,0363 7A21 D26B 8AD8 1AEE
1136995645703341746,Lovely small appartement ‘Pijp’,286058994,Faber,,De Pijp - Rivierenbuurt,52.35355,4.90733,Private room,94.0,2,14,2024-09-04,4.2,1,131,14,0363 B815 5FC4 C91E F96C
1138144908016346803,Stroopwafel house,25704451,Anniek,,Bos en Lommer,52.37866800653274,4.84832782723427,Entire home/apt,100.0,2,3,2024-08-20,1.23,1,22,3,0363 EEF5 FFE1 366F 54EE
1138367428464389905,Simple room 3 persons shared app,508078823,Gerome,,De Baarsjes - Oud-West,52.371056293789024,4.853007484220528,Private room,69.0,3,2,2024-06-02,0.48,1,263,2,0363 C06C E254 7175 D251
1154209199531256834,Edge of Amsterdam near farm area,31586636,Daily,,Noord-Oost,52.39566431452389,4.952094929200674,Private room,95.0,1,6,2024-08-09,1.73,2,66,6,0363 EBD6 AE1F 5251 9739
1157964705984188389,Central Luxury Apartment,198469799,Sammie,,Zuid,52.35318078866667,4.885913793341223,Entire home/apt,100.0,1,8,2024-08-25,3.12,2,214,8,0363A27A90E5EDF39328
1168641952556673138,Stay comfy,189740915,Marco,,Oud-Oost,52.36295,4.92777,Private room,97.0,1,8,2024-09-01,3.64,1,56,8,0363 0FE3 490C BC93 95D1
1173085144414756833,Druïde Cabin with real tree,581877365,Iris,,Watergraafsmeer,52.35291805888714,4.933401122689247,Private room,98.0,2,6,2024-08-25,2.86,1,66,6,0344E57062D175408762
1179524760701776264,Private room 3 persons shared ap,139075883,Woen Yi Jira,,De Baarsjes - Oud-West,52.3704,4.85229,Private room,82.0,3,4,2024-08-18,1.71,2,353,4,0363 CA44 56DC 6CA3 2ED1
1180354236976976471,studio imber,64738992,Pim,,De Aker - Nieuw Sloten,52.34617373247848,4.789446492660081,Entire home/apt,100.0,2,16,2024-09-04,6.4,1,225,16,0363BB28BBB774D35B4B
1184932426717764480,Cosy room in Amsterdam Oost,385712818,Melanie,,Oud-Oost,52.3540501818718,4.924790997771682,Private room,75.0,2,0,,,1,333,0,0363 8BB1 2667 AE1C 9010
1186108623723057069,Moderne flat in Amsterdam-West,145508536,Joëlle,,Bos en Lommer,52.37577758995627,4.837445116918957,Entire home/apt,80.0,3,1,2024-08-02,0.86,1,19,1,0363 9F81 676A E258 D3B2
1192002054772284553,Choose your suitable place,566735219,Yazan,,Centrum-Oost,52.370957922057485,4.917154312133789,Entire home/apt,80.0,1,0,,,1,355,0,Exempt
1192864563169625427,Boutique Amsterdam Room,286014437,Janne,,Oud-Oost,52.3588984,4.9137891,Private room,100.0,2,2,2024-09-01,2.0,1,199,2,0363 F40A 57F5 F00D 1901
1197167550629796508,Room in Amsterdam Apartment,109660108,Luciana,,Slotervaart,52.3637684,4.8382428,Private room,100.0,2,1,2024-08-25,1.0,1,109,1,0363 0207 0793 EB69 8CB9
1202094071344574920,Bright room for families and friends in A'dam 3,560847464,Branislav,,Oostelijk Havengebied - Indische Buurt,52.36647,4.93579,Private room,87.0,1,3,2024-08-26,1.84,4,39,3,Exempt
1206323394243227856,Raam Studio 1,462327192,Daniel,,Centrum-West,52.366866271419305,4.879606972351119,Private room,52.0,1,4,2024-08-31,2.93,2,351,4,0363466BBB77062E9C44
1207146045218109185,Very tiny cute room,225780606,Stef,,De Baarsjes - Oud-West,52.37211999721568,4.852191260495829,Private room,74.0,1,4,2024-08-17,3.24,2,357,4,0363DEE5DDC921D1886B
1210717955077444787,Sunny flat in Amsterdam | Catlovers | only family,3093749,Marjet,,De Baarsjes - Oud-West,52.36576707681026,4.876192286610603,Entire home/apt,89.0,1,2,2024-08-22,2.0,1,5,2,0363 098B CC85 A138 595B
1213012135278922287,Tiny room in cute appartement,8571784,Enneke,,De Baarsjes - Oud-West,52.37165,4.85302,Private room,65.0,3,1,2024-08-25,1.0,1,342,1,0363 F1F1 6BDE F3F5 4B52
1221481496264005787,Best,595668531,Sandra,,Westerpark,52.38632137146287,4.876289058175411,Entire home/apt,75.0,1,0,,,1,335,0,Exempt
1225151861719369775,Independent studio by Vondelpark,44551731,Rocio De Los Milagros,,Zuid,52.35204668160616,4.850609041750431,Private room,60.0,3,0,,,1,270,0,Exempt
1227519933159014616,Charming room near Metro/train,154433811,Jianrong,,Slotervaart,52.3660232,4.8392684,Private room,63.0,1,4,2024-09-05,4.0,4,62,4,0363 CE33 EA3C B22E 9328
1233154201392001819,Cozy Room in Heart of Amsterdam,99475417,Chanelle,,De Baarsjes - Oud-West,52.37263309999999,4.8571087,Private room,98.0,1,0,,,1,276,0,0363 74D3 E86C 9DD8 731F
1236767972591024573,Walk (or bike!) the local area or Sarphatipark,559444009,EasyHotel Amsterdam City Center,,De Pijp - Rivierenbuurt,52.3522437,4.8916619,Private room,87.0,1,0,,,6,96,0,Exempt
